,movie,rating
0,After Life (2019– ),9.0
1,The Valhalla Murders (2019– ),6.0
2,Special OPS (2020– ),7.0
3,#BlackAF (2020– ),8.0
4,The Droving (2020),2.0
5,All About Eve (1950),10.0
6,Runaway Train (1985),7.0
7,Iron Fist (2017–2018),9.0
8,The Half of It (I) (2020),4.0
9,This Is Us (2016– ),2.0
10,Closure (I) (2018),9.0
11,Unstoppable (2010),8.0
12,Dangerous Lies (2020),7.0
13,Beastie Boys Story (2020),7.0
14,"Ruben Brandt, Collector (2018)",7.0
15,Some Kind of Hate (2015),3.0
16,Cube Zero (2004),8.0
17,Carne (1991),7.0
18,500 Days of Summer (2009),5.0
19,8½ (1963),10.0
20,Glimpses of New Scotland (1947),6.0
21,The Master (2012),4.0
22,Thappad (I) (2020),9.0
23,"Matchmaker Mysteries: A Fatal Romance (2020) Season 1, Episode 2",9.0
24,Dangerous Lies (2020),7.0
25,Brooklyn Nine-Nine (2013– ),1.0
26,After Life (2019– ),1.0
27,Fool's Gold (I) (2008),8.0
28,The Raikar Case (2020– ),9.0
29,Vida (2018–2020),4.0
30,Airplane Mode (II) (2019),6.0
31,"Bloodline: Part 13 (2015) Season 1, Episode 13",4.0
32,Once Upon a Time in London (2019),10.0
33,Jia you er nü (2005– ),3.0
34,Hollywood (2020),8.0
35,After Life (2019– ),9.0
36,Four More Shots Please (2019– ),7.0
37,Kingdom (2019– ),3.0
38,Sonic the Hedgehog (2020),10.0
39,For the Love of Jessee (2020),1.0
40,Trying (2020),10.0
41,Red Joan (2018),3.0
42,The Wandering Earth (2019),7.0
43,The Chosen (2017– ),1.0
44,Mrs. Serial Killer (2020),2.0
45,The Art of Racing in the Rain (2019),9.0
46,Upload (2020– ),10.0
47,Battle Los Angeles (2011),9.0
48,Hunters (2020– ),3.0
49,Roped (2020),6.0
50,Sonic the Hedgehog (2020),3.0
51,Brightburn (2019),1.0
52,Outer Banks (2020– ),3.0
53,Battle Los Angeles (2011),3.0
54,The Field Guide to Evil (2018),4.0
55,Code 404 (2020– ),1.0
56,What Love Looks Like (2020),7.0
57,Memento (2000),3.0
58,The Invisible Man (2017),1.0
59,For the Love of Jessee (2020),3.0
60,Hundred (2020– ),6.0
61,"Billions: The New Decas (2020) Season 5, Episode 1",6.0
62,Mannix (1967–1975),4.0
63,Little Fires Everywhere (2020),7.0
64,"Midsomer Murders: The Axeman Cometh (2007) Season 10, Episode 4",6.0
65,Tales from the Loop (2020– ),7.0
66,Dakota Incident (1956),6.0
67,Mrs. Serial Killer (2020),9.0
68,"How I Met Your Mother: 46 Minutes (2012) Season 7, Episode 14",9.0
69,"Laverne & Shirley: The Survival Test (1980) Season 5, Episode 22",2.0
70,Prey (V) (2019),4.0
71,Memento Mori (II) (2018),7.0
72,Tatame (2016),9.0
73,Charade (1963),9.0
74,"Batwoman: Grinning from Ear to Ear (2020) Season 1, Episode 14",9.0
75,Trolls World Tour (2020),6.0
76,Arachnophobia (1990),2.0
77,Jojo Rabbit (2019),5.0
78,Hollywood (2020),6.0
79,Lost Child (2017),10.0
80,Halloween III: Season of the Witch (1982),5.0
81,Normal People (2020),8.0
82,Book of Mormon Videos (2019–2021),5.0
83,Like a Boss (2020),3.0
84,The Reliant (2019),3.0
85,"The Twilight Zone: Where Is Everybody? (1959) Season 1, Episode 1",7.0
86,Upload (2020– ),3.0
87,After Life (2019– ),10.0
88,Rapid Exchange (2003 Video),5.0
89,The Visit (I) (2015),3.0
90,"Laverne & Shirley: The Duke of Squigman (1980) Season 5, Episode 23",10.0
91,Behind the Curve (2018),4.0
92,Mean Girls (2004),5.0
93,Turistas (2006),7.0
94,Light from the Tower (2020),1.0
95,Spider-Man 3 (2007),3.0
96,After Life (2019– ),5.0
97,Doom: Annihilation (2019),3.0
98,Apocalypse Now (1979),6.0
99,Call for Dreams (2018),9.0
100,The Wretched (2019),6.0
101,Star Trek: Picard (2020– ),1.0
102,Legacies (2018– ),9.0
103,Megamind (2010),5.0
104,The 100 (2014–2020),6.0
105,"Laverne & Shirley: Antonio, the Amazing (1980) Season 5, Episode 24",6.0
106,Upload (2020– ),2.0
107,Normal People (2020),10.0
108,Man in the Wilderness (1971),10.0
109,The Meg (2018),4.0
110,Cruel and Unusual Therapy (2020),6.0
111,Colonia (2015),5.0
112,Hollywood (2020),6.0
113,The Oregonian (2011),1.0
114,Bloody Birthday (1981),9.0
115,The Murders at White House Farm (2020),8.0
116,"Star Wars: The Clone Wars: Victory and Death (2020) Season 7, Episode 12",10.0
117,El Dragón: Return of a Warrior (2019–2020),5.0
118,The United States of Leland (2003),4.0
119,Cobra (2020–2021),7.0
120,Sonic the Hedgehog (2020),10.0
121,Heroic Losers (2019),3.0
122,TRON (1982),5.0
123,The King of Marvin Gardens (1972),7.0
124,Hollywood (2020),9.0
125,"Star Wars: The Clone Wars: Victory and Death (2020) Season 7, Episode 12",10.0
126,The Hunger Games (2012),5.0
127,The Judge (2014),5.0
128,The Banker (2020),10.0
129,The Redeeming (2018),1.0
130,Thappad (I) (2020),8.0
131,Dreamkatcher (2020),7.0
132,Normal People (2020),10.0
133,Never Have I Ever (2020– ),1.0
134,Family Karma (2020– ),2.0
135,Into the Wild (2007),10.0
136,One Day: Justice Delivered (2019),3.0
137,Circle (II) (2015),4.0
138,Troop Zero (2019),2.0
139,12 Monkeys (2015–2018),5.0
140,Donnybrook (2018),9.0
141,Normal People (2020),3.0
142,Jigsaw (I) (2017),2.0
143,The English Game (2020– ),6.0
144,Jumanji: The Next Level (2019),9.0
145,Gangs of London (2020– ),5.0
146,Full Metal Jacket (1987),10.0
147,Blinded by the Light (2019),5.0
148,Blade Runner 2049 (2017),2.0
149,Teenagers from Outer Space (1959),8.0
150,The Predator (2018),8.0
151,"Star Wars: The Clone Wars: Victory and Death (2020) Season 7, Episode 12",1.0
152,Hunters (2020– ),4.0
153,Dangerous Lies (2020),4.0
154,"Star Wars: The Clone Wars: Victory and Death (2020) Season 7, Episode 12",5.0
155,Ek Nirnay... Swatahacha Swatasathi (2019),2.0
156,Anne with an E (2017–2019),3.0
157,Jumanji: Welcome to the Jungle (2017),10.0
158,When They See Us (2019),10.0
159,"WCW Monday Nitro: Lumberjack Strap Match (1996) Season 1, Episode 27",1.0
160,Of Human Bondage (1934),6.0
161,Upload (2020– ),7.0
162,"Laverne & Shirley: The Diner (1980) Season 5, Episode 25",3.0
163,The Shawshank Redemption (1994),10.0
164,Jumanji (1995),1.0
165,Code 8 (2019),10.0
166,A Little Bit of Heaven (2011),8.0
167,Back to the Future Part III (1990),9.0
168,"Ozark: In Case of Emergency (2020) Season 3, Episode 7",7.0
169,Gorgeous Knight (2011),6.0
170,"Ozark: Su Casa Es Mi Casa (2020) Season 3, Episode 6",3.0
171,Rick and Morty (2013– ),4.0
172,The Hunt (II) (2020),4.0
173,Into the Night (II) (2020– ),3.0
174,False Colors (2020),3.0
175,"Homeland: Prisoners of War (2020) Season 8, Episode 12",9.0
176,The Chosen (2017– ),1.0
177,Devs (2020),1.0
178,The Commons (2019–2020),8.0
179,"Ozark: It Came from Michoacán (2020) Season 3, Episode 5",10.0
180,"Star Wars: The Clone Wars: Victory and Death (2020) Season 7, Episode 12",3.0
181,"Who Wants to Be a Millionaire: In the Hot Seat: Anthony Anderson, Ike Barinholtz and Hannibal Buress (III) (2020) Season 1, Episode 4",2.0
182,Off the Menu (2018),10.0
183,"Ozark: Boss Fight (2020) Season 3, Episode 4",4.0
184,Light from the Tower (2020),6.0
185,Son of Batman (2014 Video),10.0
186,"Star Wars: The Clone Wars: Victory and Death (2020) Season 7, Episode 12",8.0
187,The Cohasset Snuff Film (2012),4.0
188,Smokey and the Bandit (1977),10.0
189,Upload (2020– ),8.0
190,"Who Wants to Be a Millionaire: In The Hot Seat: Nikki Glaser, Jane Fonda, and Anthony Anderson (2020) Season 18, Episode 3",3.0
191,Never Have I Ever (2020– ),10.0
192,The Devil-Doll (1936),3.0
193,"Laverne & Shirley: Separate Tables (1980) Season 5, Episode 26",3.0
194,"Ozark: Kevin Cronin Was Here (2020) Season 3, Episode 3",10.0
195,"Who Wants to Be a Millionaire: In The Hot Seat: Will Forte and Nikki Glaser (2020) Season 18, Episode 2",5.0
196,Tic (II) (2020),6.0
197,The Poughkeepsie Tapes (2007),1.0
198,"Ozark: Wartime (2020) Season 3, Episode 1",8.0
199,Se7en (1995),3.0
200,"Ozark: Civil Union (2020) Season 3, Episode 2",8.0
201,Extraction (2020),6.0
202,"Star Wars: The Clone Wars: Victory and Death (2020) Season 7, Episode 12",2.0
203,Deadly Shores (2018 TV Movie),6.0
204,"The Blacklist: Brothers (2020) Season 7, Episode 17",8.0
205,"Star Wars: The Clone Wars: Victory and Death (2020) Season 7, Episode 12",5.0
206,The Invitation (I) (2015),8.0
207,Angel Heart (1987),4.0
208,"The Simpsons: Hail to the Teeth (2020) Season 31, Episode 11",2.0
209,Wheels on Meals (1984),9.0
210,Happy New Year (I) (2014),6.0
211,Lost Girls (2020),9.0
212,The Hatred (2017),6.0
213,The Big Blue (1988),8.0
214,The Bad Seed (1956),10.0
215,"Hawaii Five-0: Ke iho mai nei ko luna (2019) Season 9, Episode 13",5.0
216,Upload (2020– ),5.0
217,8 Mile (2002),1.0
218,There's Something About Mary (1998),3.0
219,Extraction (2020),2.0
220,Mrs. Serial Killer (2020),3.0
221,The Half of It (I) (2020),3.0
222,The Terminal (2004),10.0
223,Runaway Hearts (2015),8.0
224,Dilwale Dulhania Le Jayenge (1995),9.0
225,Better Watch Out (II) (2016),10.0
226,Into the Forest (2015),8.0
227,Curling (2010),7.0
228,Off the Menu (2018),4.0
229,Veer-Zaara (2004),1.0
230,Snowpiercer (2013),8.0
231,Extraction (2020),9.0
232,"Future Man: There Will Be Borscht (2020) Season 3, Episode 2",3.0
233,Batman: Bad Blood (2016 Video),7.0
234,Guess Who's Coming to Dinner (1967),2.0
235,The Patriot (2000),4.0
236,"Star Wars: The Clone Wars: Victory and Death (2020) Season 7, Episode 12",9.0
237,Superdome (1978 TV Movie),7.0
238,Never Have I Ever (2020– ),3.0
239,Underwater (2020),8.0
240,Moulin Rouge! (2001),3.0
241,Bury Me Not (2019),7.0
242,Offspring (2010–2017),4.0
243,The Incoherents (2019),10.0
244,Player Select (2017– ),5.0
245,Z (I) (2019),2.0
246,Bloodshot (2020),2.0
247,Miracle in cell NO.7 (2019),5.0
248,The Endless (I) (2017),5.0
249,Extraction (2020),1.0
250,Call the Midwife (2012– ),1.0
251,"F Is for Family: Saturday Bloody Saturday (2015) Season 1, Episode 2",3.0
252,Knives Out (2019),3.0
253,Hollywood (2020),3.0
254,Devs (2020),3.0
255,The Edge of Seventeen (2016),6.0
256,Charlie's Angels (2019),6.0
257,Glass (2019),5.0
258,Escape Room (II) (2017),6.0
259,After Life (2019– ),9.0
260,Upload (2020– ),7.0
261,Upload (2020– ),10.0
262,The Final Countdown (1980),2.0
263,"72 Dangerous Animals: Latin America: Are They For Real? (2017) Season 1, Episode 9",7.0
264,The Gay Cavalier (1946),10.0
265,Unforgettable (I) (2019),9.0
266,Vivarium (2019),8.0
267,"The Last Kingdom: Episode #4.10 (2020) Season 4, Episode 10",7.0
268,All the Boys Love Mandy Lane (2006),2.0
269,"The Blacklist: Redemption: Kevin Jensen (2017) Season 1, Episode 2",9.0
270,"The F.B.I.: Wind It Up and It Betrays You (1968) Season 4, Episode 1",2.0
271,Killing Eve (2018– ),8.0
272,Upgrade (2018),9.0
273,The Accountant (2016),8.0
274,"Seniors, a dogumentary (2020)",4.0
275,The Godfather (1972),5.0
276,Deadly Mile High Club (2020 TV Movie),7.0
277,Xi you ji zhi da sheng gui lai (2015),10.0
278,Baaghi 3 (2020),2.0
279,Time to Eat with Nadiya (2019– ),3.0
280,"Ancient Aliens: The Trans-Dimensionals (2019) Season 14, Episode 11",2.0
281,Finding Nemo (2003),9.0
282,Police Academy (1984),1.0
283,Sophie's Choice (1982),6.0
284,"Star Wars: The Clone Wars: Victory and Death (2020) Season 7, Episode 12",2.0
285,Seven Samurai (1954),7.0
286,La catedral del mar (2018),10.0
287,Better Call Saul (2015–2021),10.0
288,Gangs of London (2020– ),2.0
289,"Perry Mason: The Case of the Frustrated Folk Singer (1965) Season 8, Episode 15",2.0
290,Outlander (2014– ),5.0
291,State Park (1988),3.0
292,After We Have Left Our Homes (2017),9.0
293,Bird Box (2018),3.0
294,The Admiral: Roaring Currents (2014),10.0
295,Atlanta's Missing and Murdered: The Lost Children (2020),6.0
296,The Journey: Absolution (1997),3.0
297,Siren (2018–2020),5.0
298,The Occupant (2020),1.0
299,"Ancient Aliens: Islands of Fire (2019) Season 14, Episode 12",1.0
300,Coherence (2013),5.0
301,Forrest Gump (1994),5.0
302,Steve Jobs (2015),6.0
303,The Chosen (2017– ),4.0
304,After Life (2019– ),2.0
305,If You're Gone (2019),9.0
306,"Matchmaker Mysteries: A Fatal Romance (2020) Season 1, Episode 2",8.0
307,The Half of It (I) (2020),6.0
308,1917 (2019),8.0
309,David E. Talbert Presents: A Fool and His Money (2012 Video),8.0
310,Back to the Future (1985),8.0
311,"The F.B.I.: Out of Control (1968) Season 4, Episode 2",5.0
312,Baraka (1992),10.0
313,I Origins (2014),4.0
314,Column South (1953),6.0
315,Assassin's Creed: Odyssey (2018 Video Game),3.0
316,Killer Bean Forever (2009),1.0
317,The Shawshank Redemption (1994),9.0
318,The Babysitter (I) (2017),6.0
319,"The Blacklist: Miles McGrath (No. 65) (2016) Season 4, Episode 3",7.0
320,Vice Academy (1989),1.0
321,Hollywood (2020),5.0
322,The Hateful Eight (2015),4.0
323,"To Wong Foo Thanks for Everything, Julie Newmar (1995)",8.0
324,Star Wars: The Rise Of Skywalker (2019),2.0
325,Extraction (2020),2.0
326,Run (2013),3.0
327,Miss Peregrine's Home for Peculiar Children (2016),4.0
328,Abigail Haunting (2020),3.0
329,The Blind Side (2009),8.0
330,Crime Traveller (1997),2.0
331,The Houses October Built (2014),6.0
332,Yogi 2 (2019),7.0
333,World on Fire (2019– ),6.0
334,In This Gray Place (2018),4.0
335,Homeland (2011–2020),8.0
336,Veep (2012–2019),6.0
337,Mortuary Academy (1988),7.0
338,The AristoCats (1970),4.0
339,Trigonometry (2020– ),8.0
340,Jenny Slate: Stage Fright (2019 TV Special),8.0
341,King Ralph (1991),1.0
342,Into the Night (II) (2020– ),5.0
343,The Reliant (2019),2.0
344,Into the Night (II) (2020– ),8.0
345,The Prodigy (2019),3.0
346,Le Petit Bonhomme de poche (2017),1.0
347,Breaking Bad (2008–2013),6.0
348,The Hunchback of Notre Dame (1939),9.0
349,The English Game (2020– ),6.0
350,Buzzard (2014),7.0
351,Look Away (2018),2.0
352,Ercole e la regina di Lidia (1959),1.0
353,Paramedics (1988),1.0
354,Too Hot to Handle (2020– ),1.0
355,Collar (2017),5.0
356,Parasite (2019),7.0
357,A Ghost Story (2017),2.0
358,Tetelestai (2018),7.0
359,The Good Die Young (1954),8.0
360,Outer Banks (2020– ),10.0
361,Whiplash (2014),6.0
362,Londra Merkez (2018– ),2.0
363,Sex Education (2019– ),1.0
364,Whoever Slew Auntie Roo? (1972),5.0
365,Bad Black (2016),10.0
366,Dark Waters (2019),10.0
367,The Chosen (2017– ),4.0
368,The Land Before Time (1988),10.0
369,Mind Ripper (1995),4.0
370,Star Wars: Episode VIII - The Last Jedi (2017),2.0
371,Laserblast (1978),1.0
372,PK (2014),9.0
373,Extraction (2020),6.0
374,Trying (2020),10.0
375,10 Cloverfield Lane (2016),6.0
376,Digging Up the Marrow (2014),5.0
377,Extraction (2020),3.0
378,Namjachingoo (2018–2019),10.0
379,Mrs. Serial Killer (2020),4.0
380,Murder to Mercy: The Cyntoia Brown Story (2020),7.0
381,Dazed and Confused (1993),10.0
382,Spirited Away (2001),10.0
383,Life Is Beautiful (1997),7.0
384,Beat the Chasers (2020– ),7.0
385,Dangerous Lies (2020),8.0
386,All Day and a Night (2020),8.0
387,The Platform (2019),4.0
388,Inglourious Basterds (2009),8.0
389,Geostorm (2017),6.0
390,Grapefruit & Heat Death! (2020),8.0
391,"The Blacklist: Brothers (2020) Season 7, Episode 17",9.0
392,A Billion Colour Story (2016),9.0
393,The Open House (2018),6.0
394,Sleepwalkers (1992),7.0
395,"Match Game: Episode #1.30 (1973) Season 1, Episode 30",7.0
396,Upload (2020– ),6.0
397,The Den (2013),1.0
398,The Chosen (2017– ),9.0
399,Good Witch (2015– ),9.0
400,Bit (2019),10.0
401,Uçurtmayi Vurmasinlar (1989),3.0
402,The Effect (2019),1.0
403,Outer Banks (2020– ),6.0
404,"Grace and Frankie: The One-At-A-Timing (2020) Season 6, Episode 9",3.0
405,Gabriel Over the White House (1933),10.0
406,The Hunger Games (2012),3.0
407,The Trouble with Angels (1966),2.0
408,Midsommar (2019),5.0
409,Ballon (2018),4.0
410,A Secret Love (2020),10.0
411,San Andreas (2015),8.0
412,Encounter (II) (2018),3.0
413,World on Fire (2019– ),10.0
414,All About Eve (1950),2.0
415,Paddington 2 (2017),5.0
416,Fisherman's Friends (2019),8.0
417,"Grace and Frankie: The Scent (2020) Season 6, Episode 10",7.0
418,"Star Wars: The Clone Wars: Victory and Death (2020) Season 7, Episode 12",7.0
419,Breaking Bad (2008–2013),6.0
420,The World of the Married (2020– ),7.0
421,Salt Lake Diversions (1943),6.0
422,A Beautiful Mind (2001),9.0
423,Upload (2020– ),5.0
424,Karpuz Kabugundan Gemiler Yapmak (2004),4.0
425,Dangerous Lies (2020),2.0
426,Extraction (2020),8.0
427,"Grace and Frankie: The Laughing Stock (2020) Season 6, Episode 11",4.0
428,The O.C. (2003–2007),3.0
429,Casino (1995),10.0
430,Home Before Dark (2020– ),6.0
431,"Star Wars: The Clone Wars: Victory and Death (2020) Season 7, Episode 12",6.0
432,Triple Frontier (2019),3.0
433,"Grace and Frankie: The Tank (2020) Season 6, Episode 12",10.0
434,Code 404 (2020– ),7.0
435,The Lodge (2019),3.0
436,"Star Wars: The Clone Wars: Victory and Death (2020) Season 7, Episode 12",4.0
437,Outer Banks (2020– ),6.0
438,Vizontele (2001),5.0
439,The Reliant (2019),2.0
440,Upload (2020– ),4.0
441,Dangerous Lies (2020),3.0
442,"Hogan's Heroes: Request Permission to Escape (1966) Season 1, Episode 32",6.0
443,"Grace and Frankie: The Change (2020) Season 6, Episode 13",7.0
444,Managed Money (1934),9.0
445,"Westworld: Crisis Theory (2020) Season 3, Episode 8",9.0
446,"Star Wars: The Clone Wars: Victory and Death (2020) Season 7, Episode 12",7.0
447,Equinox (1970),6.0
448,Into the Night (II) (2020– ),6.0
449,"Seniors, a dogumentary (2020)",3.0
450,"Westworld: Crisis Theory (2020) Season 3, Episode 8",5.0
451,Holmes & Watson (2018),6.0
452,Star Wars: Episode VIII - The Last Jedi (2017),4.0
453,Mr. Right (I) (2015),1.0
454,Good Will Hunting (1997),2.0
455,The Houses October Built 2 (2017),9.0
456,The Originals (2013–2018),7.0
457,Ne Zha (2019),6.0
458,El Dragón: Return of a Warrior (2019–2020),10.0
459,Jojo Rabbit (2019),3.0
460,Al-ard (1969),2.0
461,Mulan (1998),9.0
462,The Hessian Renegades (1909),2.0
463,Ray (I) (2004),3.0
464,We Need to Talk About Kevin (2011),2.0
465,"Westworld: Crisis Theory (2020) Season 3, Episode 8",1.0
466,Batwoman (2019– ),4.0
467,Ants! (1977 TV Movie),1.0
468,Baaghi 3 (2020),7.0
469,The Willoughbys (2020),3.0
470,"Westworld: Crisis Theory (2020) Season 3, Episode 8",3.0
471,The Chosen (2017– ),4.0
472,Million Dollar Baby (2004),1.0
473,"I, Tonya (2017)",4.0
474,The Last Kids on Earth (2019– ),8.0
475,Birthday Blues (1945),2.0
476,The Chosen (2017– ),9.0
477,Trying (2020),2.0
478,Killing Eve (2018– ),4.0
479,Thappad (I) (2020),3.0
480,Brassed Off (1996),2.0
481,"Ozark: BFF (2020) Season 3, Episode 8",3.0
482,Two Weeks Notice (2002),1.0
483,British Made (2019),2.0
484,"Martin: Boyz 'R Us (1992) Season 1, Episode 4",7.0
485,Fred: The Movie (2010 TV Movie),5.0
486,Inkaar (2019– ),5.0
487,Assimilate (I) (2019),8.0
488,The Chosen (2017– ),5.0
489,"Westworld: Crisis Theory (2020) Season 3, Episode 8",1.0
490,"Narcos: Mexico: Growth Prosperity and Liberation (2020) Season 2, Episode 9",6.0
491,Hollywood (2020),1.0
492,Penny Dreadful: City of Angels (2020),8.0
493,Alif (2019–2020),1.0
494,"Narcos: Mexico: Free Trade (2020) Season 2, Episode 10",7.0
495,Loose Ends (1986 TV Movie),6.0
496,After Life (2019– ),8.0
497,Good Witch (2015– ),10.0
498,Pardon My Pups (1934),9.0
499,"Westworld: Crisis Theory (2020) Season 3, Episode 8",7.0
500,Trouble Is My Business (2018),2.0
501,Gangs of London (2020– ),3.0
502,"Batwoman: If You Believe in Me, I'll Believe in You (2020) Season 1, Episode 18",6.0
503,Haunted Hospitals (2018– ),5.0
504,Anne with an E (2017–2019),9.0
505,The Lighthouse (I) (2019),9.0
506,Meray Paas Tum Ho (I) (2019– ),5.0
507,The Turning (2020),8.0
508,Never Have I Ever (2020– ),10.0
509,"Laverne & Shirley: Not Quite New York (1980) Season 6, Episode 1",7.0
510,The Invisible Guest (2016),3.0
511,The Snowman (2017),3.0
512,Transference (2020),6.0
513,Girls! Girls! Girls! (1944),9.0
514,Dangerous Lies (2020),9.0
515,The Last Kingdom (2015– ),2.0
516,The Lobster (2015),7.0
517,Den of Thieves (2018),10.0
518,Birds of Prey (2020),3.0
519,Tales from the Loop (2020– ),9.0
520,Extraction (2020),1.0
521,CrossBones (2005 Video),4.0
522,Kannum Kannum Kollaiyadithaal (2020),3.0
523,Deadly Mile High Club (2020 TV Movie),5.0
524,The Rookie (2018– ),6.0
525,"DCI Banks: Playing with Fire: Part 1 (2011) Season 1, Episode 3",6.0
526,Mrs. America (2020),3.0
527,The Final Conflict (1981),2.0
528,After Life (2019– ),8.0
529,Glad Rags to Riches (1933),2.0
530,Hollywood (2020),8.0
531,Bernardine (1957),9.0
532,"Laverne & Shirley: Welcome to Burbank (1980) Season 6, Episode 2",3.0
533,Star Wars: The Rise Of Skywalker (2019),3.0
534,Into the Night (II) (2020– ),7.0
535,"Designated Survivor: Line of Fire (2017) Season 2, Episode 10",9.0
536,Grey's Anatomy (2005– ),4.0
537,Killing Eve (2018– ),3.0
538,Edge of Tomorrow (2014),9.0
539,The Assistant (III) (2019),3.0
540,Extraction (2020),1.0
541,After Life (2019– ),10.0
542,"Penny Dreadful: City of Angels: Santa Muerte (2020) Season 1, Episode 1",4.0
543,Tariq's Cube (2017),8.0
544,Underwater (2020),1.0
545,"Laverne & Shirley: Studio City (1980) Season 6, Episode 3",3.0
546,Say Uncle (1944),5.0
547,Chasing After You (2019),3.0
548,Extraction (2020),9.0
549,"Outlander: Journeycake (2020) Season 5, Episode 11",4.0
550,Invader ZIM: Enter the Florpus (2019 TV Movie),3.0
551,Miami Connection (1987),4.0
552,Outmatched (2020),8.0
553,Titanic II (2010 Video),8.0
554,Vivarium (2019),9.0
555,Extraction (2020),6.0
556,Dark Waters (2019),10.0
557,The Chosen (2017– ),1.0
558,"Laverne & Shirley: Grand Opening (1980) Season 6, Episode 4",8.0
559,Helluva Boss (2019– ),5.0
560,Train to Busan (2016),4.0
561,The Turning (2020),6.0
562,The Lift Boy (2019),6.0
563,"Westworld: Crisis Theory (2020) Season 3, Episode 8",2.0
564,The Expanse (2015– ),6.0
565,The Godfather (1972),6.0
566,Britannia (2017– ),6.0
567,Speed Racer (2008),1.0
568,"Mark Kermode's Secrets of Cinema: British History Movies (2020) Season 2, Episode 2",2.0
569,Righteous Kill (2008),7.0
570,SAS: Who Dares Wins (2015– ),2.0
571,"Laverne & Shirley: Candy Is Dandy (1980) Season 6, Episode 5",5.0
572,Coffee & Cabbage (2017),8.0
573,After Life (2019– ),5.0
574,The Chosen (2017– ),4.0
575,"Normal People: Episode #1.7 (2020) Season 1, Episode 7",4.0
576,The Nice Guys (2016),10.0
577,The Babysitter (I) (2017),5.0
578,The Lift Boy (2019),6.0
579,"Zoey's Extraordinary Playlist: Zoey's Extraordinary Dad (2020) Season 1, Episode 12",5.0
580,"Westworld: Crisis Theory (2020) Season 3, Episode 8",1.0
581,The Lodge (2019),10.0
582,"Rick and Morty: Never Ricking Morty (2020) Season 4, Episode 6",9.0
583,The Favorite (2019),4.0
584,Jojo Rabbit (2019),3.0
585,Induced Effect (2019),10.0
586,The Lodge (2019),2.0
587,The Chosen (2017– ),9.0
588,April Love (1957),9.0
589,Apocalypto (2006),2.0
590,Upload (2020– ),4.0
591,Mirzapur (2018– ),7.0
592,Attack on Titan (2013– ),8.0
593,Delirium (I) (2018),5.0
594,"Laverne & Shirley: The Bardwell Caper: Part 1 (1981) Season 6, Episode 15",8.0
595,Prime Suspect 5: Errors of Judgement (1996),5.0
596,The Droving (2020),1.0
597,Murderland (2009),4.0
598,"Westworld: Crisis Theory (2020) Season 3, Episode 8",4.0
599,The Dummy Owner (1938),1.0
600,"Westworld: Crisis Theory (2020) Season 3, Episode 8",1.0
601,Star Trek: Picard (2020– ),9.0
602,All Day and a Night (2020),10.0
603,Airplane Mode (II) (2019),1.0
604,The Expanse (2015– ),1.0
605,The Droving (2020),2.0
606,Popstar: Never Stop Never Stopping (2016),2.0
607,Mule Train (1950),6.0
608,"Upload: Welcome to Upload (2020) Season 1, Episode 1",6.0
609,"Naruto: Zettai hikken! Shi no mori chokuzen rupo! Konoha no gakkyû shinbun da kore! (2003) Season 1, Episode 26",10.0
610,Grave of the Fireflies (1988),9.0
611,Once to Every Woman (1934),7.0
612,"Laverne & Shirley: The Bardwell Caper: Part 2 (1981) Season 6, Episode 16",4.0
613,One Cut of the Dead (2017),7.0
614,Mrs. Serial Killer (2020),6.0
615,Got Pain? (2019),5.0
616,The Wicker Man (2006),7.0
617,"Family Guy: Better Off Meg (2020) Season 18, Episode 18",10.0
618,"Supergirl: Deus Lex Machina (2020) Season 5, Episode 17",10.0
619,Z (I) (2019),2.0
620,Waterhole #3 (1967),4.0
621,Vidura Rajapaksa Live from Berlin (2020 TV Special),6.0
622,Almost Human (2013–2014),2.0
623,Halloween III: Season of the Witch (1982),4.0
624,The Lodge (2019),3.0
625,Broken But Beautiful (2018– ),1.0
626,"Supergirl: Deus Lex Machina (2020) Season 5, Episode 17",10.0
627,Case (2015– ),3.0
628,Finding Steve McQueen (2019),9.0
629,Vidura Rajapaksa Live from Berlin (2020 TV Special),5.0
630,The Captive (I) (2014),9.0
631,"Laverne & Shirley: Sing, Sing, Sing (1981) Season 6, Episode 21",9.0
632,"Killing Eve: Still Got It (2020) Season 3, Episode 4",5.0
633,Nineteen Summers (2019),5.0
634,"Star Wars: The Clone Wars: Victory and Death (2020) Season 7, Episode 12",5.0
635,Laakhon Mein Ek (2017– ),7.0
636,Suicidal Tendencies: Institutionalized (1984 Video),7.0
637,Cinema Paradiso (1988),4.0
638,"Star Wars: The Clone Wars: Victory and Death (2020) Season 7, Episode 12",9.0
639,TVF Tripling (2016– ),2.0
640,"Supergirl: Deus Lex Machina (2020) Season 5, Episode 17",4.0
641,Feel Good (2020–2021),4.0
642,Good Girls (2018– ),7.0
643,Spirited Away (2001),3.0
644,Murder to Mercy: The Cyntoia Brown Story (2020),10.0
645,"Supergirl: Deus Lex Machina (2020) Season 5, Episode 17",2.0
646,Westworld (2016– ),6.0
647,Queen & Slim (2019),1.0
648,In the Tall Grass (2019),1.0
649,Upload (2020– ),8.0
650,Rocketman (I) (2019),7.0
651,Shubh Mangal Zyada Saavdhan (2020),1.0
652,Normal People (2020),6.0
653,Cinema Paradiso (1988),7.0
654,"Star Wars: The Clone Wars: Victory and Death (2020) Season 7, Episode 12",5.0
655,Hidden Figures (2016),9.0
656,"Rick and Morty: Never Ricking Morty (2020) Season 4, Episode 6",5.0
657,The Confession (1970),7.0
658,"Rick and Morty: Never Ricking Morty (2020) Season 4, Episode 6",3.0
659,"Westworld: Crisis Theory (2020) Season 3, Episode 8",1.0
660,Normal People (2020),5.0
661,Soft (II) (2020),3.0
662,Triple Frontier (2019),7.0
663,Upload (2020– ),8.0
664,BioShock Infinite (2013 Video Game),7.0
665,Christmas at Grand Valley (2018 TV Movie),6.0
666,Behind You (2020),10.0
667,Harry Potter and the Sorcerer's Stone (2001),3.0
668,Red Rock (2015– ),2.0
669,"Rick and Morty: Never Ricking Morty (2020) Season 4, Episode 6",8.0
670,"Rick and Morty: Never Ricking Morty (2020) Season 4, Episode 6",2.0
671,This Way Up (2019– ),5.0
672,Closure (I) (2018),3.0
673,"Rick and Morty: Never Ricking Morty (2020) Season 4, Episode 6",9.0
674,"Rick and Morty: Never Ricking Morty (2020) Season 4, Episode 6",8.0
675,Midnight in Paris (2011),7.0
676,The Martian (2015),8.0
677,Sutoraiku uicchîzu (2008– ),6.0
678,Murder on the Orient Express (2017),6.0
679,Sutoraiku uicchîzu: Gekijouban (2012),9.0
680,The Chosen (2017– ),9.0
681,Atlanta's Missing and Murdered: The Lost Children (2020),1.0
682,Ramayan (1987–1988),4.0
683,Drifting Dragons (2020– ),7.0
684,The Relic (1997),4.0
685,Devs (2020),2.0
686,"Strike Witches: Operation Victory Arrow: Episode #1.1 (2014) Season 1, Episode 1",3.0
687,Harry Potter and the Chamber of Secrets (2002),4.0
688,Hustlers (2019),6.0
689,"Endings, Beginnings (2019)",7.0
690,Extraction (2020),5.0
691,"Star Wars: The Clone Wars: Victory and Death (2020) Season 7, Episode 12",7.0
692,"Rick and Morty: Never Ricking Morty (2020) Season 4, Episode 6",3.0
693,The Family (2019),8.0
694,Jil Jung Juk (2016),8.0
695,Brave Witches (2016– ),4.0
696,The Half of It (I) (2020),2.0
697,Wreck-It Ralph (2012),2.0
698,Thappad (I) (2020),1.0
699,The Chosen (2017– ),7.0
700,Harry Potter and the Prisoner of Azkaban (2004),8.0
701,Hansa Ek Sanyog (2019),5.0
702,"Westworld: Crisis Theory (2020) Season 3, Episode 8",7.0
703,"Tales from the Loop: Control (2020) Season 1, Episode 5",5.0
704,The Invisible Man (2017),2.0
705,The Fate of the Furious (2017),9.0
706,Westworld (2016– ),7.0
707,Interstellar (2014),10.0
708,Dracula (2020),4.0
709,"Tales from the Loop: Stasis (2020) Season 1, Episode 3",8.0
710,"Three Busy Debras: Debspringa (2020) Season 1, Episode 6",9.0
711,Money Heist (2017– ),1.0
712,"Westworld: Crisis Theory (2020) Season 3, Episode 8",8.0
713,Inhumans (2017),2.0
714,My Son Hates My Boyfriend (2018),1.0
715,The Lodge (2019),7.0
716,"Homeland: Prisoners of War (2020) Season 8, Episode 12",10.0
717,My Son Hates My Boyfriend (2018),2.0
718,Folks! (1992),7.0
719,Westworld (2016– ),9.0
720,Miscreant (2018),5.0
721,Little Fires Everywhere (2020),8.0
722,The Perks of Being a Wallflower (2012),7.0
723,Shûmatsu nani shitemasu ka? Isogashii desu ka? Sukutte moratte ii desu ka? (2017– ),3.0
724,Beef House (2020– ),9.0
725,To All the Boys I've Loved Before (2018),6.0
726,Three Busy Debras (2020– ),1.0
727,Lord of War (2005),6.0
728,"The Chronicles of Narnia: The Lion, the Witch and the Wardrobe (2005)",4.0
729,Hellowoo goseuteu (2010),7.0
730,The Dawn Wall (2017),1.0
731,"Star Wars: The Clone Wars: Victory and Death (2020) Season 7, Episode 12",4.0
732,Dhamaka (2020),4.0
733,Hollywood (2020),4.0
734,The Good Place (2016–2020),7.0
735,The Wolf of Wall Street (2013),6.0
736,Upload (2020– ),8.0
737,35 Awr (2019– ),9.0
738,All Day and a Night (2020),9.0
739,Dispatches from Elsewhere (2020– ),7.0
740,Code 8 (2019),10.0
741,Upload (2020– ),8.0
742,Camping 2 (2010),8.0
743,The Dark Knight (2008),6.0
744,Upload (2020– ),9.0
745,Harry Potter and the Goblet of Fire (2005),3.0
746,Star Wars: The Rise Of Skywalker (2019),1.0
747,Extraction (2020),4.0
748,Prison School (2015– ),8.0
749,Twin (2019– ),7.0
750,Jesus Christ Superstar Live in Concert (2018 TV Movie),7.0
751,"Westworld: Crisis Theory (2020) Season 3, Episode 8",1.0
752,Man on Wire (2008),4.0
753,I See You (II) (2019),1.0
754,"Star Wars: The Clone Wars: Victory and Death (2020) Season 7, Episode 12",3.0
755,De 12 van Oldenheim (2017),10.0
756,In Harm's Way (2017),4.0
757,It Chapter Two (2019),2.0
758,Final Space (2018– ),9.0
759,The Treasure of the Sierra Madre (1948),6.0
760,Cell (I) (2016),6.0
761,Nong Hak (2016),1.0
762,"Star Wars: The Clone Wars: Victory and Death (2020) Season 7, Episode 12",9.0
763,Swingers (1996),4.0
764,Antz (1998),6.0
765,"Columbo: Étude in Black (1972) Season 2, Episode 1",4.0
766,Penny Dreadful: City of Angels (2020),6.0
767,Heat (1995),10.0
768,Mrs. Serial Killer (2020),2.0
769,The Lost Room (2006),6.0
770,"Man vs. Wild: Man vs. Wild with Bear Grylls and Prime Minister Modi (2019) Season Unknown, Episode Unknown",9.0
771,Ikiru (1952),6.0
772,Haters Back Off! (2016–2017),3.0
773,We Summon the Darkness (2019),2.0
774,Incendies (2010),4.0
775,Harry Potter and the Order of the Phoenix (2007),6.0
776,The Lighthouse (I) (2019),6.0
777,"Westworld: Crisis Theory (2020) Season 3, Episode 8",1.0
778,The Great Escape (1963),3.0
779,Spider-Man: Far from Home (2019),7.0
780,Brightburn (2019),7.0
781,The Family Man (2019– ),4.0
782,Light from the Tower (2020),9.0
783,The Big Noise (1944),6.0
784,Children of Heaven (1997),6.0
785,Parasite (2019),7.0
786,Pan's Labyrinth (2006),1.0
787,Kukhnya (2012–2016),5.0
788,Damayanthi (2019),1.0
789,Scooby-Doo and Guess Who? (2019– ),6.0
790,Babam ve Oglum (2005),7.0
791,Extraction (2020),6.0
792,Route 80 (2018),10.0
793,The Ventures: Stars on Guitars (2020),7.0
794,Weathering with You (2019),5.0
795,"Star Wars: The Clone Wars: Victory and Death (2020) Season 7, Episode 12",2.0
796,The Grudge (2020),10.0
797,Back to the Future (1985),10.0
798,"Westworld: Crisis Theory (2020) Season 3, Episode 8",2.0
799,City of God (2002),3.0
800,"Star Wars: The Clone Wars: Victory and Death (2020) Season 7, Episode 12",5.0
801,Little Women (2019),1.0
802,The Hideous Sun Demon (1958),9.0
803,Side Effects (I) (2013),5.0
804,Crash Landing on You (2019–2020),9.0
805,"Rick and Morty: Never Ricking Morty (2020) Season 4, Episode 6",5.0
806,Se7en (1995),8.0
807,"Zoey's Extraordinary Playlist: Zoey's Extraordinary Dad (2020) Season 1, Episode 12",10.0
808,"Billions: The New Decas (2020) Season 5, Episode 1",6.0
809,Diplomaniacs (1933),3.0
810,The Office (2005–2013),9.0
811,"Westworld: Crisis Theory (2020) Season 3, Episode 8",3.0
812,Padmaavat (2018),4.0
813,The Killing of a Sacred Deer (2017),3.0
814,"Zoey's Extraordinary Playlist: Zoey's Extraordinary Dad (2020) Season 1, Episode 12",2.0
815,Bhavesh Joshi Superhero (2018),7.0
816,Dolphin Tale 2 (2014),7.0
817,The Lost World: Jurassic Park (1997),6.0
818,The Rookie (2018– ),10.0
819,The Assistant (III) (2019),7.0
820,The Paynes (2018– ),6.0
821,The Half of It (I) (2020),4.0
822,"Westworld: Crisis Theory (2020) Season 3, Episode 8",10.0
823,Joker (2019),2.0
824,Don't Go in the Woods (1981),7.0
825,Dangerous Lies (2020),5.0
826,Mrs. Serial Killer (2020),4.0
827,Hollywood (2020),5.0
828,Another Life (2019– ),5.0
829,Braveheart (1995),3.0
830,"Westworld: Crisis Theory (2020) Season 3, Episode 8",2.0
831,Raiders of the Lost Ark (1981),8.0
832,Den of Thieves (2018),1.0
833,Ha phraeng (2009),4.0
834,Dolphin Tale (2011),10.0
835,Zoey's Extraordinary Playlist (2020– ),5.0
836,Revenge (II) (2017),10.0
837,Rosogolla (2018),6.0
838,The Silence (2010),9.0
839,3 Idiots (2009),7.0
840,Amsterdamned (1988),6.0
841,"Family Guy: Better Off Meg (2020) Season 18, Episode 18",3.0
842,Hollywood (2020),8.0
843,Kannum Kannum Kollaiyadithaal (2020),6.0
844,The Lift Boy (2019),10.0
845,Scissor Seven (2020– ),2.0
846,Dil Chahta Hai (2001),4.0
847,Japanese story (2020– ),1.0
848,Into the Woods (2014),7.0
849,Beastie Boys Story (2020),1.0
850,Solo: A Star Wars Story (2018),4.0
851,Motherland: Fort Salem (2020– ),2.0
852,Shrek (2001),5.0
853,Upload (2020– ),2.0
854,Yogi 2 (2019),9.0
855,"Are You Afraid of the Dark?: The Tale of the Phantom Cab (1990) Season 1, Episode 1",2.0
856,Us (II) (2019),2.0
857,Emo the Musical (2016),4.0
858,The Boat (2018),3.0
859,Friend Zone (2019),6.0
860,Sea Fever (2019),8.0
861,Enamorada (1946),2.0
862,A Dash of Love (2017 TV Movie),2.0
863,Gangs of London (2020– ),4.0
864,Dragon Quest: Your Story (2019),2.0
865,"Three Billboards Outside Ebbing, Missouri (2017)",9.0
866,Silent Grace (2001),8.0
867,"Perry Mason: The Case of Constant Doyle (1963) Season 6, Episode 16",2.0
868,Bad Boy (1949),5.0
869,The Last Kingdom (2015– ),7.0
870,Kill It (2019),3.0
871,Alone Across the Arctic (2019),2.0
872,"Westworld: Crisis Theory (2020) Season 3, Episode 8",9.0
873,The Half of It (I) (2020),3.0
874,Thappad (I) (2020),1.0
875,2030 (2018),4.0
876,Transplant (2020– ),3.0
877,Ting shuo (2009),3.0
878,"Star Wars: The Clone Wars: Victory and Death (2020) Season 7, Episode 12",4.0
879,The Last Kingdom (2015– ),2.0
880,Simon Sez (1999),2.0
881,Mrs. Serial Killer (2020),4.0
882,"Westworld: Crisis Theory (2020) Season 3, Episode 8",1.0
883,Billions (2016– ),1.0
884,Matinee (1993),7.0
885,The Photograph (I) (2020),4.0
886,"Westworld: Crisis Theory (2020) Season 3, Episode 8",6.0
887,Up the Junction (1968),1.0
888,Babysitter Wanted (2008),2.0
889,Extraction (2020),3.0
890,The Raikar Case (2020– ),9.0
891,"Westworld: Crisis Theory (2020) Season 3, Episode 8",5.0
892,Scrubs (2001–2010),5.0
893,"Killing Eve: Still Got It (2020) Season 3, Episode 4",4.0
894,"Rick and Morty: Never Ricking Morty (2020) Season 4, Episode 6",4.0
895,Gangs of London (2020– ),6.0
896,The Counselor (2013),9.0
897,Parasite (2019),9.0
898,"Star Wars: The Clone Wars: Victory and Death (2020) Season 7, Episode 12",10.0
899,Four More Shots Please (2019– ),3.0
900,Penny Dreadful: City of Angels (2020),2.0
901,"Stargate SG-1: Forever in a Day (1999) Season 3, Episode 10",1.0
902,Escape at Dannemora (2018),2.0
903,Like Cats & Dogs (2017 TV Movie),1.0
904,"Star Wars: The Clone Wars: Victory and Death (2020) Season 7, Episode 12",8.0
905,Your Name. (2016),1.0
906,Hereditary (2018),7.0
907,Normal People (2020),3.0
908,Enemy Lines (2020),7.0
909,Birds of Prey (2020),5.0
910,"Star Wars: The Clone Wars: Victory and Death (2020) Season 7, Episode 12",1.0
911,Knives Out (2019),9.0
912,The Last Kingdom (2015– ),1.0
913,"Star Wars: The Clone Wars: Victory and Death (2020) Season 7, Episode 12",8.0
914,"Rick and Morty: Never Ricking Morty (2020) Season 4, Episode 6",1.0
915,Amrutha Ramam (2020),3.0
916,The Willoughbys (2020),1.0
917,Into the Night (II) (2020– ),4.0
918,"Normal People: Episode #1.12 (2020) Season 1, Episode 12",10.0
919,"Westworld: Crisis Theory (2020) Season 3, Episode 8",8.0
920,Hollywood (2020),8.0
921,"Westworld: Crisis Theory (2020) Season 3, Episode 8",3.0
922,"Weird Science: WS4 (1998) Season 5, Episode 18",7.0
923,"Barnaby Jones: Deadly Reunion (1976) Season 4, Episode 20",1.0
924,"Star Wars: The Clone Wars: Victory and Death (2020) Season 7, Episode 12",2.0
925,He Loves Me (2011 TV Movie),2.0
926,Les grands moyens (1976),8.0
927,The Secret Life of Pets (2016),4.0
928,J-Style Trip (2020– ),8.0
929,"Rick and Morty: Never Ricking Morty (2020) Season 4, Episode 6",6.0
930,Despicable Me (2010),5.0
931,Hollywood (2020),4.0
932,The Madness Within (2019),5.0
933,Bloodline (2015–2017),5.0
934,Mashkiran Jo Goth (2019– ),3.0
935,For the Weekend (2020),4.0
936,"Star Wars: The Clone Wars: Victory and Death (2020) Season 7, Episode 12",1.0
937,After Life (2019– ),7.0
938,Somali and the Forest Spirit (2020– ),9.0
939,Miracle in cell NO.7 (2019),6.0
940,The Madness Within (2019),10.0
941,Hazbin Hotel (2019– ),6.0
942,Euphoria (2019– ),8.0
943,Despicable Me 2 (2013),2.0
944,Dead Poets Society (1989),3.0
945,Supergirl (2015–2021),4.0
946,Kahaan Hum Kahaan Tum (2019–2020),10.0
947,The Madness Within (2019),9.0
948,Extraction (2020),8.0
949,Reckoning (2019),1.0
950,Har Kisse Ke Hisse: Kaamyaab (2018),3.0
951,Devs (2020),1.0
952,Angrezi Medium (2020),8.0
953,The Half of It (I) (2020),1.0
954,Hook (1991),9.0
955,Mommy (I) (2014),5.0
956,The Set Up (2019),8.0
957,The Madness Within (2019),4.0
958,"Westworld: Crisis Theory (2020) Season 3, Episode 8",3.0
959,Invader ZIM: Enter the Florpus (2019 TV Movie),3.0
960,Parasite (2019),5.0
961,Hollywood (2020),8.0
962,"Maadathy, an Unfairy Tale (2019)",10.0
963,Too Hot to Handle (2020– ),9.0
964,Grand Designs (1999– ),4.0
965,It Chapter Two (2019),4.0
966,Despicable Me 3 (2017),7.0
967,Saand Ki Aankh (2019),5.0
968,Birds of Prey (2020),7.0
969,Nixon by Nixon: In His Own Words (2014),7.0
970,"Supergirl: Deus Lex Machina (2020) Season 5, Episode 17",1.0
971,The Lodge (2019),5.0
972,Uncut Gems (2019),3.0
973,Money Heist (2017– ),9.0
974,The Sky Is Pink (2019),3.0
975,Money Heist (2017– ),1.0
976,"Star Wars: The Clone Wars: Victory and Death (2020) Season 7, Episode 12",6.0
977,Mirrors 2 (2010 Video),3.0
978,Into the Night (II) (2020– ),4.0
979,The Last Kingdom (2015– ),1.0
980,Future Man (2017–2020),8.0
981,Mrs. Serial Killer (2020),7.0
982,Devs (2020),2.0
983,"Star Wars: The Clone Wars: Victory and Death (2020) Season 7, Episode 12",9.0
984,Lars and the Real Girl (2007),8.0
985,The Triangle (2005),1.0
986,Majaray Nimrooz: Radde Khoon (2019),7.0
987,Into the Blue (2005),8.0
988,Bad Education (2019),5.0
989,"Westworld: Crisis Theory (2020) Season 3, Episode 8",2.0
990,Do Bigha Zamin (1953),10.0
991,Are We Not Cats (2016),7.0
992,The Aftermath (II) (2019),4.0
993,The Scarlet Pimpernel (1934),6.0
994,Extraction (2020),5.0
995,"Supergirl: Deus Lex Machina (2020) Season 5, Episode 17",10.0
996,Dark (2017–2020),3.0
997,Cowboy Bebop (1998–1999),2.0
998,Spider-Man: Far from Home (2019),3.0
999,In Like Flint (1967),3.0
1000,Red Faction: Origins (2011 TV Movie),8.0